[
  {
    "TagName": "",
    "Name": "ESP32 S3 OTA Firmware v0.6.3",
    "Prerelease": false,
    "Assets": [
      {
        "Name": "junctionrelay_adafruit_adafruit_matrix_esp32_s3_v0.6.3.bin",
        "Size": 1556624
      },
      {
        "Name": "junctionrelay_adafruit_adafruit_qt_py_esp32_s3_v0.6.3.bin",
        "Size": 1727680
      },
      {
        "Name": "junctionrelay_elecrow_crowpanel_5_v0.6.3.bin",
        "Size": 1645952
      }
    ]
  },
  {
    "TagName": "",
    "Name": "Firmware v0.6.2",
    "Prerelease": false,
    "Assets": [
      {
        "Name": "junctionrelay_adafruit_adafruit_matrix_esp32_s3_v0.6.2.bin",
        "Size": 1221728
      },
      {
        "Name": "junctionrelay_adafruit_adafruit_qt_py_esp32_s3_v0.6.2.bin",
        "Size": 1222112
      },
      {
        "Name": "junctionrelay_elecrow_crowpanel_5_v0.6.2.bin",
        "Size": 1347952
      },
      {
        "Name": "junctionrelay_elecrow_crowpanel_7_v0.6.2.bin",
        "Size": 1347936
      },
      {
        "Name": "junctionrelay_lilygo_t4_s3_v0.6.2.bin",
        "Size": 1428448
      }
    ]
  },
  {
    "TagName": "",
    "Name": "Junction Relay v0.3.7-Alpha",
    "Prerelease": true,
    "Assets": [
      {
        "Name": "JunctionRelay_v0.3.7.zip",
        "Size": 4163309
      }
    ]
  }
]