{
  "Releases": [
    {
      "tag_name": "v0.7.9",
      "name": "ESP32 S3 OTA Firmware v0.7.9",
      "prerelease": false,
      "assets": [
        {
          "Name": "junctionrelay_silicognition_wesp32_v0.7.9.bin",
          "Size": 1206944,
          "Sha256Hash": "9ccf4895dc23576a6462580eb7f4edd2e5af23a761ac5fd32c910debb0f1a613"
        }
      ]
    },
    {
      "tag_name": "v0.7.8",
      "name": "ESP32 S3 OTA Firmware v0.7.8",
      "prerelease": false,
      "assets": [
        {
          "Name": "junctionrelay_adafruit_qt_py_esp32_s3_v0.7.8.bin",
          "Size": 1840976,
          "Sha256Hash": "bd493bd9634158e7e23c7ae84924ebefa88a37af4fbbc82b03b32b5a401cb52a"
        }
      ]
    },
    {
      "tag_name": "v0.7.7",
      "name": "ESP32 S3 OTA Firmware v0.7.7",
      "prerelease": false,
      "assets": [
        {
          "Name": "junctionrelay_adafruit_feather_esp32_s3_v0.7.7.bin",
          "Size": 1828176,
          "Sha256Hash": "a70bdb4bf5e666866360f77785200de764de3ae5e26744ae2f9740b8a0537003"
        },
        {
          "Name": "junctionrelay_adafruit_matrix_esp32_s3_v0.7.7.bin",
          "Size": 1826448,
          "Sha256Hash": "7d2ff84f2b1f8ac7f0689ba5c8d35e5a42644b84cd1acc5b972e543471655344"
        },
        {
          "Name": "junctionrelay_adafruit_qt_py_esp32_s3_v0.7.7.bin",
          "Size": 1840976,
          "Sha256Hash": "bd493bd9634158e7e23c7ae84924ebefa88a37af4fbbc82b03b32b5a401cb52a"
        },
        {
          "Name": "junctionrelay_elecrow_crowpanel_5_v0.7.7.bin",
          "Size": 1844576,
          "Sha256Hash": "a25f3e51cf0e04e5b96485149478a5c85993393dd2715f55dab36aef69bc1d99"
        },
        {
          "Name": "junctionrelay_elecrow_crowpanel_7_v0.7.7.bin",
          "Size": 1844176,
          "Sha256Hash": "cf83a6c54aee6045bf0196b8194a7c5a2c902c0c8f57afb3cade32fa414cc2f0"
        },
        {
          "Name": "junctionrelay_lilygo_t4_s3_v0.7.7.bin",
          "Size": 1953632,
          "Sha256Hash": "cfc22b8e49c40c8891ff37a0d25bacfacd1c981fb4a13178f4ed51adc9af1117"
        }
      ]
    },
    {
      "tag_name": "v0.7.2",
      "name": "ESP32 S3 OTA Firmware v0.7.2",
      "prerelease": false,
      "assets": [
        {
          "Name": "junctionrelay_adafruit_feather_esp32_s3_v0.7.2.bin",
          "Size": 1782320,
          "Sha256Hash": "625ecdd5c03c57ae62398d31d75123ffe097d18052435e86e74e47e4a05b4ff7"
        },
        {
          "Name": "junctionrelay_adafruit_matrix_esp32_s3_v0.7.2.bin",
          "Size": 1772912,
          "Sha256Hash": "d6bdc2e8111998e5592c9d906e29602597fa2c2350cb67f6457eb09d5a8b0753"
        },
        {
          "Name": "junctionrelay_adafruit_qt_py_esp32_s3_v0.7.2.bin",
          "Size": 1789904,
          "Sha256Hash": "315e4b33bda97846116c977dc3c924f25f7026b3b9929d97e981450d62bae3f8"
        },
        {
          "Name": "junctionrelay_elecrow_crowpanel_5_v0.7.2.bin",
          "Size": 1794128,
          "Sha256Hash": "24a96eb64bfd690dce225335ab42a275594ddd4f7786964c4331b9a8763f59a8"
        },
        {
          "Name": "junctionrelay_elecrow_crowpanel_7_v0.7.2.bin",
          "Size": 1793760,
          "Sha256Hash": "ca9a9702ae407c72f972bea2fb360358bc96933849ae2d0c1da47462c9b2b34d"
        },
        {
          "Name": "junctionrelay_lilygo_t4_s3_v0.7.2.bin",
          "Size": 1903328,
          "Sha256Hash": "27c77d0159e69694c9019b06d3dfe482c5ed37ff7290b211b1d01f3524e63e61"
        }
      ]
    }
  ],
  "CachedAt": "2025-06-11T14:11:13.849281-05:00"
}